Price,Price Change,Price Percent Change,Open,Shares Outstanding,Beta,Rev. per Employee,EPS,Dividend,Average Volume,Day Range Low,Day Range High,Time
223.24,2.41,0.0109,222.8,179130000.0,1.3,439.63,-3.84,,9310000.0,218.22,225.4,2019-08-22 12:06:08.768751
223.24,2.41,0.0109,222.8,179130000.0,1.3,439.63,-3.84,,9310000.0,218.22,225.4,2019-08-22 12:06:30.635865
223.31,2.48,0.011200000000000002,222.8,179130000.0,1.3,439.63,-3.84,,9310000.0,218.22,225.4,2019-08-22 12:06:52.506916
223.31,2.48,0.011200000000000002,222.8,179130000.0,1.3,439.63,-3.84,,9310000.0,218.22,225.4,2019-08-22 12:07:14.089909
223.34,2.51,0.0114,222.8,179130000.0,1.3,439.63,-3.84,,9310000.0,218.22,225.4,2019-08-22 12:07:35.796659
223.53,2.695,0.0122,222.8,179130000.0,1.3,439.63,-3.84,,9310000.0,218.22,225.4,2019-08-22 12:07:57.429994
223.57,2.7431,0.0124,222.8,179130000.0,1.3,439.63,-3.84,,9310000.0,218.22,225.4,2019-08-22 12:08:19.157454
223.69,2.8585,0.0129,222.8,179130000.0,1.3,439.63,-3.84,,9310000.0,218.22,225.4,2019-08-22 12:08:40.816756
223.74,2.905,0.0132,222.8,179130000.0,1.3,439.63,-3.84,,9310000.0,218.22,225.4,2019-08-22 12:09:02.285393
223.74,2.91,0.0132,222.8,179130000.0,1.3,439.63,-3.84,,9310000.0,218.22,225.4,2019-08-22 12:09:24.000890
223.73,2.8965,0.0131,222.8,179130000.0,1.3,439.63,-3.84,,9310000.0,218.22,225.4,2019-08-22 12:09:45.425994
223.75,2.92,0.0132,222.8,179130000.0,1.3,439.63,-3.84,,9310000.0,218.22,225.4,2019-08-22 12:10:07.441672
223.8,2.97,0.0134,222.8,179130000.0,1.3,439.63,-3.84,,9310000.0,218.22,225.4,2019-08-22 12:10:28.864056
223.79,2.96,0.0134,222.8,179130000.0,1.3,439.63,-3.84,,9310000.0,218.22,225.4,2019-08-22 12:10:49.879408
223.82,2.99,0.013500000000000002,222.8,179130000.0,1.3,439.63,-3.84,,9310000.0,218.22,225.4,2019-08-22 12:11:11.380950
223.82,2.99,0.013500000000000002,222.8,179130000.0,1.3,439.63,-3.84,,9310000.0,218.22,225.4,2019-08-22 12:11:33.514922
223.7,2.87,0.013000000000000001,222.8,179130000.0,1.3,439.63,-3.84,,9310000.0,218.22,225.4,2019-08-22 12:11:55.528606
223.76,2.93,0.0133,222.8,179130000.0,1.3,439.63,-3.84,,9310000.0,218.22,225.4,2019-08-22 12:12:16.548320
223.73,2.9,0.0131,222.8,179130000.0,1.3,439.63,-3.84,,9310000.0,218.22,225.4,2019-08-22 12:12:38.457506
223.74,2.9088,0.0132,222.8,179130000.0,1.3,439.63,-3.84,,9310000.0,218.22,225.4,2019-08-22 12:13:00.069308
223.84,3.01,0.0136,222.8,179130000.0,1.3,439.63,-3.84,,9310000.0,218.22,225.4,2019-08-22 12:13:21.522350
223.84,3.0106,0.0136,222.8,179130000.0,1.3,439.63,-3.84,,9310000.0,218.22,225.4,2019-08-22 12:13:42.820497
223.79,2.96,0.0134,222.8,179130000.0,1.3,439.63,-3.84,,9310000.0,218.22,225.4,2019-08-22 12:14:05.944104
223.79,2.96,0.0134,222.8,179130000.0,1.3,439.63,-3.84,,9310000.0,218.22,225.4,2019-08-22 12:14:27.626152
223.86,3.03,0.0137,222.8,179130000.0,1.3,439.63,-3.84,,9310000.0,218.22,225.4,2019-08-22 12:14:49.013675
223.82,2.9937,0.0136,222.8,179130000.0,1.3,439.63,-3.84,,9310000.0,218.22,225.4,2019-08-22 12:15:11.234108
223.8,2.97,0.0134,222.8,179130000.0,1.3,439.63,-3.84,,9310000.0,218.22,225.4,2019-08-22 12:15:32.441443
223.8,2.97,0.0134,222.8,179130000.0,1.3,439.63,-3.84,,9310000.0,218.22,225.4,2019-08-22 12:15:53.799018
223.8,2.97,0.0134,222.8,179130000.0,1.3,439.63,-3.84,,9310000.0,218.22,225.4,2019-08-22 12:16:15.277116
223.82,2.99,0.013500000000000002,222.8,179130000.0,1.3,439.63,-3.84,,9310000.0,218.22,225.4,2019-08-22 12:16:36.347029
223.57,2.74,0.0124,222.8,179130000.0,1.3,439.63,-3.84,,9310000.0,218.22,225.4,2019-08-22 12:16:57.772004
223.57,2.74,0.0124,222.8,179130000.0,1.3,439.63,-3.84,,9310000.0,218.22,225.4,2019-08-22 12:17:18.633222
223.59,2.76,0.0125,222.8,179130000.0,1.3,439.63,-3.84,,9310000.0,218.22,225.4,2019-08-22 12:17:39.764529
223.63,2.7993,0.0127,222.8,179130000.0,1.3,439.63,-3.84,,9310000.0,218.22,225.4,2019-08-22 12:18:02.063350
223.63,2.7993,0.0127,222.8,179130000.0,1.3,439.63,-3.84,,9310000.0,218.22,225.4,2019-08-22 12:18:23.134267
223.63,2.8,0.0127,222.8,179130000.0,1.3,439.63,-3.84,,9310000.0,218.22,225.4,2019-08-22 12:18:44.288735
223.7,2.87,0.013000000000000001,222.8,179130000.0,1.3,439.63,-3.84,,9310000.0,218.22,225.4,2019-08-22 12:19:05.479861
223.63,2.8,0.0127,222.8,179130000.0,1.3,439.63,-3.84,,9310000.0,218.22,225.4,2019-08-22 12:19:26.631937
223.63,2.8,0.0127,222.8,179130000.0,1.3,439.63,-3.84,,9310000.0,218.22,225.4,2019-08-22 12:19:47.553741
223.61,2.775,0.0126,222.8,179130000.0,1.3,439.63,-3.84,,9310000.0,218.22,225.4,2019-08-22 12:20:08.856908
223.49,2.66,0.012,222.8,179130000.0,1.3,439.63,-3.84,,9310000.0,218.22,225.4,2019-08-22 12:20:30.016585
223.5,2.6693,0.0121,222.8,179130000.0,1.3,439.63,-3.84,,9310000.0,218.22,225.4,2019-08-22 12:20:51.077279
223.7,2.87,0.013000000000000001,222.8,179130000.0,1.3,439.63,-3.84,,9310000.0,218.22,225.4,2019-08-22 12:21:12.484029
223.89,3.06,0.0139,222.8,179130000.0,1.3,439.63,-3.84,,9310000.0,218.22,225.4,2019-08-22 12:21:33.436435
223.8,2.97,0.0134,222.8,179130000.0,1.3,439.63,-3.84,,9310000.0,218.22,225.4,2019-08-22 12:21:54.467572
223.76,2.9339,0.0133,222.8,179130000.0,1.3,439.63,-3.84,,9310000.0,218.22,225.4,2019-08-22 12:22:15.380817
223.7,2.87,0.013000000000000001,222.8,179130000.0,1.3,439.63,-3.84,,9310000.0,218.22,225.4,2019-08-22 12:22:36.796311
223.84,3.0091,0.0136,222.8,179130000.0,1.3,439.63,-3.84,,9310000.0,218.22,225.4,2019-08-22 12:22:58.169658
223.84,3.01,0.0136,222.8,179130000.0,1.3,439.63,-3.84,,9310000.0,218.22,225.4,2019-08-22 12:23:19.128766
223.83,3.0004,0.0136,222.8,179130000.0,1.3,439.63,-3.84,,9310000.0,218.22,225.4,2019-08-22 12:23:40.460227
223.89,3.06,0.0139,222.8,179130000.0,1.3,439.63,-3.84,,9310000.0,218.22,225.4,2019-08-22 12:24:01.765087
223.89,3.06,0.0139,222.8,179130000.0,1.3,439.63,-3.84,,9310000.0,218.22,225.4,2019-08-22 12:24:23.477724
223.89,3.06,0.0139,222.8,179130000.0,1.3,439.63,-3.84,,9310000.0,218.22,225.4,2019-08-22 12:24:44.682984
223.81,2.98,0.013500000000000002,222.8,179130000.0,1.3,439.63,-3.84,,9310000.0,218.22,225.4,2019-08-22 12:25:05.970907
223.8,2.97,0.0134,222.8,179130000.0,1.3,439.63,-3.84,,9310000.0,218.22,225.4,2019-08-22 12:25:27.427899
223.8,2.97,0.0134,222.8,179130000.0,1.3,439.63,-3.84,,9310000.0,218.22,225.4,2019-08-22 12:25:48.775314
223.84,3.01,0.0136,222.8,179130000.0,1.3,439.63,-3.84,,9310000.0,218.22,225.4,2019-08-22 12:26:09.782442
223.7,2.87,0.013,222.8,179130000.0,1.3,439.63,-3.84,,9310000.0,218.22,225.4,2019-08-22 12:26:31.435793
223.61,2.78,0.0126,222.8,179130000.0,1.3,439.63,-3.84,,9310000.0,218.22,225.4,2019-08-22 12:26:52.375639
223.61,2.78,0.0126,222.8,179130000.0,1.3,439.63,-3.84,,9310000.0,218.22,225.4,2019-08-22 12:27:13.818691
223.71,2.88,0.013000000000000001,222.8,179130000.0,1.3,439.63,-3.84,,9310000.0,218.22,225.4,2019-08-22 12:27:34.833137
223.71,2.88,0.013,222.8,179130000.0,1.3,439.63,-3.84,,9310000.0,218.22,225.4,2019-08-22 12:27:56.089546
223.65,2.82,0.0128,222.8,179130000.0,1.3,439.63,-3.84,,9310000.0,218.22,225.4,2019-08-22 12:28:17.436412
223.65,2.82,0.0128,222.8,179130000.0,1.3,439.63,-3.84,,9310000.0,218.22,225.4,2019-08-22 12:28:38.983248
223.56,2.73,0.0124,222.8,179130000.0,1.3,439.63,-3.84,,9310000.0,218.22,225.4,2019-08-22 12:29:00.333300
223.53,2.7,0.0122,222.8,179130000.0,1.3,439.63,-3.84,,9310000.0,218.22,225.4,2019-08-22 12:29:21.449905
223.53,2.7,0.0122,222.8,179130000.0,1.3,439.63,-3.84,,9310000.0,218.22,225.4,2019-08-22 12:29:42.301883
223.51,2.6801,0.0121,222.8,179130000.0,1.3,439.63,-3.84,,9310000.0,218.22,225.4,2019-08-22 12:30:03.457768
223.56,2.7259,0.0123,222.8,179130000.0,1.3,439.63,-3.84,,9310000.0,218.22,225.4,2019-08-22 12:30:24.433915
223.55,2.72,0.0123,222.8,179130000.0,1.3,439.63,-3.84,,9310000.0,218.22,225.4,2019-08-22 12:30:45.678561
223.63,2.8,0.0127,222.8,179130000.0,1.3,439.63,-3.84,,9310000.0,218.22,225.4,2019-08-22 12:31:06.634820
223.61,2.7759,0.0126,222.8,179130000.0,1.3,439.63,-3.84,,9310000.0,218.22,225.4,2019-08-22 12:31:28.348299
223.47,2.64,0.012,222.8,179130000.0,1.3,439.63,-3.84,,9310000.0,218.22,225.4,2019-08-22 12:31:49.622301
223.53,2.7,0.0122,222.8,179130000.0,1.3,439.63,-3.84,,9310000.0,218.22,225.4,2019-08-22 12:32:10.747603
223.53,2.7,0.0122,222.8,179130000.0,1.3,439.63,-3.84,,9310000.0,218.22,225.4,2019-08-22 12:32:31.612458
223.48,2.6501,0.012,222.8,179130000.0,1.3,439.63,-3.84,,9310000.0,218.22,225.4,2019-08-22 12:32:52.780146
223.48,2.6501,0.012,222.8,179130000.0,1.3,439.63,-3.84,,9310000.0,218.22,225.4,2019-08-22 12:33:13.897055
223.52,2.6875,0.0122,222.8,179130000.0,1.3,439.63,-3.84,,9310000.0,218.22,225.4,2019-08-22 12:33:35.199156
223.52,2.6875,0.0122,222.8,179130000.0,1.3,439.63,-3.84,,9310000.0,218.22,225.4,2019-08-22 12:33:56.594981
223.52,2.6875,0.0122,222.8,179130000.0,1.3,439.63,-3.84,,9310000.0,218.22,225.4,2019-08-22 12:34:18.165097
223.49,2.664,0.0121,222.8,179130000.0,1.3,439.63,-3.84,,9310000.0,218.22,225.4,2019-08-22 12:34:39.495304
223.57,2.735,0.0124,222.8,179130000.0,1.3,439.63,-3.84,,9310000.0,218.22,225.4,2019-08-22 12:35:01.158292
223.49,2.6557,0.012,222.8,179130000.0,1.3,439.63,-3.84,,9310000.0,218.22,225.4,2019-08-22 12:35:22.656260
223.43,2.6,0.0118,222.8,179130000.0,1.3,439.63,-3.84,,9310000.0,218.22,225.4,2019-08-22 12:35:44.175931
223.43,2.6,0.0118,222.8,179130000.0,1.3,439.63,-3.84,,9310000.0,218.22,225.4,2019-08-22 12:36:05.474174
223.5,2.67,0.0121,222.8,179130000.0,1.3,439.63,-3.84,,9310000.0,218.22,225.4,2019-08-22 12:36:27.325784
223.53,2.7,0.0122,222.8,179130000.0,1.3,439.63,-3.84,,9310000.0,218.22,225.4,2019-08-22 12:36:49.354465
223.48,2.65,0.012,222.8,179130000.0,1.3,439.63,-3.84,,9310000.0,218.22,225.4,2019-08-22 12:37:10.901634
223.48,2.65,0.012,222.8,179130000.0,1.3,439.63,-3.84,,9310000.0,218.22,225.4,2019-08-22 12:37:31.850166
223.6,2.7680000000000002,0.0125,222.8,179130000.0,1.3,439.63,-3.84,,9310000.0,218.22,225.4,2019-08-22 12:37:52.834754
223.52,2.69,0.0122,222.8,179130000.0,1.3,439.63,-3.84,,9310000.0,218.22,225.4,2019-08-22 12:38:14.177953
223.52,2.69,0.0122,222.8,179130000.0,1.3,439.63,-3.84,,9310000.0,218.22,225.4,2019-08-22 12:38:35.223963
223.52,2.69,0.0122,222.8,179130000.0,1.3,439.63,-3.84,,9310000.0,218.22,225.4,2019-08-22 12:38:56.138855
223.52,2.69,0.0122,222.8,179130000.0,1.3,439.63,-3.84,,9310000.0,218.22,225.4,2019-08-22 12:39:17.456831
223.5,2.67,0.0121,222.8,179130000.0,1.3,439.63,-3.84,,9310000.0,218.22,225.4,2019-08-22 12:39:39.101150
223.45,2.62,0.0119,222.8,179130000.0,1.3,439.63,-3.84,,9310000.0,218.22,225.4,2019-08-22 12:40:00.217584
223.45,2.6175,0.0119,222.8,179130000.0,1.3,439.63,-3.84,,9310000.0,218.22,225.4,2019-08-22 12:40:21.760065
223.4,2.57,0.0116,222.8,179130000.0,1.3,439.63,-3.84,,9310000.0,218.22,225.4,2019-08-22 12:40:42.729873
223.29,2.46,0.0111,222.8,179130000.0,1.3,439.63,-3.84,,9310000.0,218.22,225.4,2019-08-22 12:41:05.174660
223.29,2.46,0.0111,222.8,179130000.0,1.3,439.63,-3.84,,9310000.0,218.22,225.4,2019-08-22 12:41:26.285918
223.22,2.39,0.0108,222.8,179130000.0,1.3,439.63,-3.84,,9310000.0,218.22,225.4,2019-08-22 12:41:47.390440
223.14,2.31,0.0105,222.8,179130000.0,1.3,439.63,-3.84,,9310000.0,218.22,225.4,2019-08-22 12:42:08.508976
223.22,2.3899,0.0108,222.8,179130000.0,1.3,439.63,-3.84,,9310000.0,218.22,225.4,2019-08-22 12:42:29.611667
223.12,2.29,0.0104,222.8,179130000.0,1.3,439.63,-3.84,,9310000.0,218.22,225.4,2019-08-22 12:42:51.032125
223.06,2.2323,0.0101,222.8,179130000.0,1.3,439.63,-3.84,,9310000.0,218.22,225.4,2019-08-22 12:43:12.408545
223.05,2.22,0.0101,222.8,179130000.0,1.3,439.63,-3.84,,9310000.0,218.22,225.4,2019-08-22 12:43:33.783505
223.15,2.32,0.0105,222.8,179130000.0,1.3,439.63,-3.84,,9310000.0,218.22,225.4,2019-08-22 12:43:56.255854
223.09,2.26,0.0102,222.8,179130000.0,1.3,439.63,-3.84,,9310000.0,218.22,225.4,2019-08-22 12:44:19.919394
223.09,2.26,0.0102,222.8,179130000.0,1.3,439.63,-3.84,,9310000.0,218.22,225.4,2019-08-22 12:44:40.989932
223.23,2.395,0.0108,222.8,179130000.0,1.3,439.63,-3.84,,9310000.0,218.22,225.4,2019-08-22 12:45:02.321441
223.23,2.395,0.0108,222.8,179130000.0,1.3,439.63,-3.84,,9310000.0,218.22,225.4,2019-08-22 12:45:23.604559
223.16,2.3329,0.0106,222.8,179130000.0,1.3,439.63,-3.84,,9310000.0,218.22,225.4,2019-08-22 12:45:44.501907
223.11,2.28,0.0103,222.8,179130000.0,1.3,439.63,-3.84,,9310000.0,218.22,225.4,2019-08-22 12:46:05.582549
223.25,2.42,0.011,222.8,179130000.0,1.3,439.63,-3.84,,9310000.0,218.22,225.4,2019-08-22 12:46:27.184739
223.25,2.42,0.011000000000000001,222.8,179130000.0,1.3,439.63,-3.84,,9310000.0,218.22,225.4,2019-08-22 12:46:48.108010
223.25,2.42,0.011,222.8,179130000.0,1.3,439.63,-3.84,,9310000.0,218.22,225.4,2019-08-22 12:47:09.073488
223.17,2.3393,0.0106,222.8,179130000.0,1.3,439.63,-3.84,,9310000.0,218.22,225.4,2019-08-22 12:47:30.869199
223.17,2.3393,0.0106,222.8,179130000.0,1.3,439.63,-3.84,,9310000.0,218.22,225.4,2019-08-22 12:47:51.649888
223.12,2.29,0.0104,222.8,179130000.0,1.3,439.63,-3.84,,9310000.0,218.22,225.4,2019-08-22 12:48:12.486175
223.13,2.2955,0.0104,222.8,179130000.0,1.3,439.63,-3.84,,9310000.0,218.22,225.4,2019-08-22 12:48:33.526273
223.09,2.26,0.0102,222.8,179130000.0,1.3,439.63,-3.84,,9310000.0,218.22,225.4,2019-08-22 12:48:54.990972
223.13,2.3,0.0104,222.8,179130000.0,1.3,439.63,-3.84,,9310000.0,218.22,225.4,2019-08-22 12:49:17.727818
223.08,2.25,0.0102,222.8,179130000.0,1.3,439.63,-3.84,,9310000.0,218.22,225.4,2019-08-22 12:49:39.949519
222.87,2.04,0.0092,222.8,179130000.0,1.3,439.63,-3.84,,9310000.0,218.22,225.4,2019-08-22 12:50:02.569080
222.65,1.82,0.008199999999999999,222.8,179130000.0,1.3,439.63,-3.84,,9310000.0,218.22,225.4,2019-08-22 12:50:23.918925
222.64,1.81,0.008199999999999999,222.8,179130000.0,1.3,439.63,-3.84,,9310000.0,218.22,225.4,2019-08-22 12:50:45.037636
222.65,1.82,0.008199999999999999,222.8,179130000.0,1.3,439.63,-3.84,,9310000.0,218.22,225.4,2019-08-22 12:51:06.828698
222.65,1.82,0.008199999999999999,222.8,179130000.0,1.3,439.63,-3.84,,9310000.0,218.22,225.4,2019-08-22 12:51:28.283437
222.56,1.73,0.0078,222.8,179130000.0,1.3,439.63,-3.84,,9310000.0,218.22,225.4,2019-08-22 12:51:49.830493
222.54,1.71,0.0077,222.8,179130000.0,1.3,439.63,-3.84,,9310000.0,218.22,225.4,2019-08-22 12:52:11.024236
222.61,1.78,0.008100000000000001,222.8,179130000.0,1.3,439.63,-3.84,,9310000.0,218.22,225.4,2019-08-22 12:52:32.156302
222.7,1.87,0.0085,222.8,179130000.0,1.3,439.63,-3.84,,9310000.0,218.22,225.4,2019-08-22 12:52:53.289397
222.77,1.94,0.0088,222.8,179130000.0,1.3,439.63,-3.84,,9310000.0,218.22,225.4,2019-08-22 12:53:14.446559
222.81,1.9789,0.009000000000000001,222.8,179130000.0,1.3,439.63,-3.84,,9310000.0,218.22,225.4,2019-08-22 12:53:36.087250
222.86,2.0346,0.0092,222.8,179130000.0,1.3,439.63,-3.84,,9310000.0,218.22,225.4,2019-08-22 12:53:56.701713
222.87,2.0388,0.0092,222.8,179130000.0,1.3,439.63,-3.84,,9310000.0,218.22,225.4,2019-08-22 12:54:17.773922
223.01,2.18,0.0099,222.8,179130000.0,1.3,439.63,-3.84,,9310000.0,218.22,225.4,2019-08-22 12:54:38.799815
222.99,2.16,0.0098,222.8,179130000.0,1.3,439.63,-3.84,,9310000.0,218.22,225.4,2019-08-22 12:55:00.077061
223.02,2.19,0.0099,222.8,179130000.0,1.3,439.63,-3.84,,9310000.0,218.22,225.4,2019-08-22 12:55:21.296475
222.94,2.11,0.0096,222.8,179130000.0,1.3,439.63,-3.84,,9310000.0,218.22,225.4,2019-08-22 12:55:42.461269
222.95,2.1199,0.0096,222.8,179130000.0,1.3,439.63,-3.84,,9310000.0,218.22,225.4,2019-08-22 12:56:03.477544
222.7,1.87,0.0085,222.8,179130000.0,1.3,439.63,-3.84,,9310000.0,218.22,225.4,2019-08-22 12:56:25.135253
222.41,1.58,0.0072,222.8,179130000.0,1.3,439.63,-3.84,,9310000.0,218.22,225.4,2019-08-22 12:56:46.933253
222.41,1.58,0.0072,222.8,179130000.0,1.3,439.63,-3.84,,9310000.0,218.22,225.4,2019-08-22 12:57:08.021785
222.59,1.7571,0.008,222.8,179130000.0,1.3,439.63,-3.84,,9310000.0,218.22,225.4,2019-08-22 12:57:29.166945
222.69,1.86,0.0084,222.8,179130000.0,1.3,439.63,-3.84,,9310000.0,218.22,225.4,2019-08-22 12:57:50.485773
222.66,1.833,0.0083,222.8,179130000.0,1.3,439.63,-3.84,,9310000.0,218.22,225.4,2019-08-22 12:58:11.604052
222.7,1.87,0.0085,222.8,179130000.0,1.3,439.63,-3.84,,9310000.0,218.22,225.4,2019-08-22 12:58:33.248326
222.7,1.87,0.0085,222.8,179130000.0,1.3,439.63,-3.84,,9310000.0,218.22,225.4,2019-08-22 12:58:54.302062
222.54,1.71,0.0077,222.8,179130000.0,1.3,439.63,-3.84,,9310000.0,218.22,225.4,2019-08-22 12:59:15.465361
222.64,1.81,0.008199999999999999,222.8,179130000.0,1.3,439.63,-3.84,,9310000.0,218.22,225.4,2019-08-22 12:59:36.835858
222.68,1.85,0.0084,222.8,179130000.0,1.3,439.63,-3.84,,9310000.0,218.22,225.4,2019-08-22 12:59:58.169733
222.7,1.87,0.0085,222.8,179130000.0,1.3,439.63,-3.84,,9310000.0,218.22,225.4,2019-08-22 13:00:19.802164
222.69,1.86,0.0084,222.8,179130000.0,1.3,439.63,-3.84,,9310000.0,218.22,225.4,2019-08-22 13:00:41.194116
222.76,1.925,0.0087,222.8,179130000.0,1.3,439.63,-3.84,,9310000.0,218.22,225.4,2019-08-22 13:01:03.462977
222.79,1.96,0.0089,222.8,179130000.0,1.3,439.63,-3.84,,9310000.0,218.22,225.4,2019-08-22 13:01:25.814581
222.79,1.96,0.0089,222.8,179130000.0,1.3,439.63,-3.84,,9310000.0,218.22,225.4,2019-08-22 13:01:47.052324
222.9,2.07,0.0094,222.8,179130000.0,1.3,439.63,-3.84,,9310000.0,218.22,225.4,2019-08-22 13:02:08.211133
222.9,2.0699,0.0094,222.8,179130000.0,1.3,439.63,-3.84,,9310000.0,218.22,225.4,2019-08-22 13:02:29.377951
222.89,2.0594,0.0093,222.8,179130000.0,1.3,439.63,-3.84,,9310000.0,218.22,225.4,2019-08-22 13:02:50.711440
222.8,1.97,0.0089,222.8,179130000.0,1.3,439.63,-3.84,,9310000.0,218.22,225.4,2019-08-22 13:03:11.494096
222.86,2.03,0.0092,222.8,179130000.0,1.3,439.63,-3.84,,9310000.0,218.22,225.4,2019-08-22 13:03:32.653430
222.86,2.03,0.0092,222.8,179130000.0,1.3,439.63,-3.84,,9310000.0,218.22,225.4,2019-08-22 13:03:53.593520
222.86,2.03,0.0092,222.8,179130000.0,1.3,439.63,-3.84,,9310000.0,218.22,225.4,2019-08-22 13:04:14.559911
222.72,1.89,0.0086,222.8,179130000.0,1.3,439.63,-3.84,,9310000.0,218.22,225.4,2019-08-22 13:04:35.797590
222.72,1.89,0.0086,222.8,179130000.0,1.3,439.63,-3.84,,9310000.0,218.22,225.4,2019-08-22 13:04:57.123317
222.68,1.85,0.0084,222.8,179130000.0,1.3,439.63,-3.84,,9310000.0,218.22,225.4,2019-08-22 13:05:18.263898
222.68,1.85,0.0084,222.8,179130000.0,1.3,439.63,-3.84,,9310000.0,218.22,225.4,2019-08-22 13:05:40.221610
222.61,1.78,0.008100000000000001,222.8,179130000.0,1.3,439.63,-3.84,,9310000.0,218.22,225.4,2019-08-22 13:06:01.529734
222.73,1.9,0.0086,222.8,179130000.0,1.3,439.63,-3.84,,9310000.0,218.22,225.4,2019-08-22 13:06:23.074654
222.7,1.87,0.0085,222.8,179130000.0,1.3,439.63,-3.84,,9310000.0,218.22,225.4,2019-08-22 13:06:44.537890
222.73,1.9,0.0086,222.8,179130000.0,1.3,439.63,-3.84,,9310000.0,218.22,225.4,2019-08-22 13:07:06.051723
222.81,1.98,0.009000000000000001,222.8,179130000.0,1.3,439.63,-3.84,,9310000.0,218.22,225.4,2019-08-22 13:07:27.254344
222.6,1.77,0.008,222.8,179130000.0,1.3,439.63,-3.84,,9310000.0,218.22,225.4,2019-08-22 13:07:48.181298
222.48,1.645,0.0074,222.8,179130000.0,1.3,439.63,-3.84,,9310000.0,218.22,225.4,2019-08-22 13:08:09.229093
222.55,1.72,0.0078,222.8,179130000.0,1.3,439.63,-3.84,,9310000.0,218.22,225.4,2019-08-22 13:08:30.219208
222.57,1.7362,0.0079,222.8,179130000.0,1.3,439.63,-3.84,,9310000.0,218.22,225.4,2019-08-22 13:08:51.224592
222.48,1.65,0.0075,222.8,179130000.0,1.3,439.63,-3.84,,9310000.0,218.22,225.4,2019-08-22 13:09:12.180264
222.48,1.65,0.0075,222.8,179130000.0,1.3,439.63,-3.84,,9310000.0,218.22,225.4,2019-08-22 13:09:33.664928
222.36,1.5314,0.0069,222.8,179130000.0,1.3,439.63,-3.84,,9310000.0,218.22,225.4,2019-08-22 13:09:54.662359
222.35,1.5184,0.0069,222.8,179130000.0,1.3,439.63,-3.84,,9310000.0,218.22,225.4,2019-08-22 13:10:16.209942
222.39,1.56,0.0071,222.8,179130000.0,1.3,439.63,-3.84,,9310000.0,218.22,225.4,2019-08-22 13:10:37.278609
222.26,1.43,0.006500000000000001,222.8,179130000.0,1.3,439.63,-3.84,,9310000.0,218.22,225.4,2019-08-22 13:10:58.509031
222.2,1.365,0.0062,222.8,179130000.0,1.3,439.63,-3.84,,9310000.0,218.22,225.4,2019-08-22 13:11:19.710157
222.07,1.24,0.005600000000000001,222.8,179130000.0,1.3,439.63,-3.84,,9310000.0,218.22,225.4,2019-08-22 13:11:41.392240
222.06,1.23,0.005600000000000001,222.8,179130000.0,1.3,439.63,-3.84,,9310000.0,218.22,225.4,2019-08-22 13:12:02.776944
222.11,1.28,0.0058,222.8,179130000.0,1.3,439.63,-3.84,,9310000.0,218.22,225.4,2019-08-22 13:12:23.919508
222.03,1.2,0.0054,222.8,179130000.0,1.3,439.63,-3.84,,9310000.0,218.22,225.4,2019-08-22 13:12:45.251068
221.85,1.02,0.0046,222.8,179130000.0,1.3,439.63,-3.84,,9310000.0,218.22,225.4,2019-08-22 13:13:06.271812
221.75,0.92,0.0042,222.8,179130000.0,1.3,439.63,-3.84,,9310000.0,218.22,225.4,2019-08-22 13:13:27.736156
221.83,1.0024,0.0045000000000000005,222.8,179130000.0,1.3,439.63,-3.84,,9310000.0,218.22,225.4,2019-08-22 13:13:49.168520
221.82,0.99,0.0045000000000000005,222.8,179130000.0,1.3,439.63,-3.84,,9310000.0,218.22,225.4,2019-08-22 13:14:10.514102
221.87,1.0369,0.004699999999999999,222.8,179130000.0,1.3,439.63,-3.84,,9310000.0,218.22,225.4,2019-08-22 13:14:31.608243
221.92,1.0877,0.0049,222.8,179130000.0,1.3,439.63,-3.84,,9310000.0,218.22,225.4,2019-08-22 13:14:53.259405
221.88,1.0517,0.0048,222.8,179130000.0,1.3,439.63,-3.84,,9310000.0,218.22,225.4,2019-08-22 13:15:14.339552
222.02,1.19,0.0054,222.8,179130000.0,1.3,439.63,-3.84,,9310000.0,218.22,225.4,2019-08-22 13:15:35.939975
222.06,1.23,0.005600000000000001,222.8,179130000.0,1.3,439.63,-3.84,,9310000.0,218.22,225.4,2019-08-22 13:15:57.502773
222.15,1.32,0.006,222.8,179130000.0,1.3,439.63,-3.84,,9310000.0,218.22,225.4,2019-08-22 13:16:19.077578
221.96,1.13,0.0051,222.8,179130000.0,1.3,439.63,-3.84,,9310000.0,218.22,225.4,2019-08-22 13:16:39.963017
222.03,1.2,0.0054,222.8,179130000.0,1.3,439.63,-3.84,,9310000.0,218.22,225.4,2019-08-22 13:17:01.194489
221.9,1.07,0.0048,222.8,179130000.0,1.3,439.63,-3.84,,9310000.0,218.22,225.4,2019-08-22 13:17:21.956687
221.96,1.13,0.0051,222.8,179130000.0,1.3,439.63,-3.84,,9310000.0,218.22,225.4,2019-08-22 13:17:42.978240
221.87,1.04,0.004699999999999999,222.8,179130000.0,1.3,439.63,-3.84,,9310000.0,218.22,225.4,2019-08-22 13:18:04.574963
221.88,1.05,0.0048,222.8,179130000.0,1.3,439.63,-3.84,,9310000.0,218.22,225.4,2019-08-22 13:18:26.225703
221.88,1.05,0.0048,222.8,179130000.0,1.3,439.63,-3.84,,9310000.0,218.22,225.4,2019-08-22 13:18:47.844609
221.88,1.05,0.0048,222.8,179130000.0,1.3,439.63,-3.84,,9310000.0,218.22,225.4,2019-08-22 13:19:09.097762
221.86,1.03,0.004699999999999999,222.8,179130000.0,1.3,439.63,-3.84,,9310000.0,218.22,225.4,2019-08-22 13:19:30.199211
221.94,1.11,0.005,222.8,179130000.0,1.3,439.63,-3.84,,9310000.0,218.22,225.4,2019-08-22 13:19:51.802866
222.0,1.17,0.0053,222.8,179130000.0,1.3,439.63,-3.84,,9310000.0,218.22,225.4,2019-08-22 13:20:13.137381
222.13,1.3,0.0059,222.8,179130000.0,1.3,439.63,-3.84,,9310000.0,218.22,225.4,2019-08-22 13:20:34.148678
222.13,1.3,0.0059,222.8,179130000.0,1.3,439.63,-3.84,,9310000.0,218.22,225.4,2019-08-22 13:20:55.185987
222.12,1.29,0.0058,222.8,179130000.0,1.3,439.63,-3.84,,9310000.0,218.22,225.4,2019-08-22 13:21:16.119662
222.13,1.2977,0.0059,222.8,179130000.0,1.3,439.63,-3.84,,9310000.0,218.22,225.4,2019-08-22 13:21:37.605334
222.07,1.24,0.005600000000000001,222.8,179130000.0,1.3,439.63,-3.84,,9310000.0,218.22,225.4,2019-08-22 13:21:58.660238
222.02,1.19,0.0054,222.8,179130000.0,1.3,439.63,-3.84,,9310000.0,218.22,225.4,2019-08-22 13:22:19.901429
222.03,1.2,0.0054,222.8,179130000.0,1.3,439.63,-3.84,,9310000.0,218.22,225.4,2019-08-22 13:22:41.564594
221.75,0.92,0.0042,222.8,179130000.0,1.3,439.63,-3.84,,9310000.0,218.22,225.4,2019-08-22 13:23:02.329739
221.8,0.965,0.0044,222.8,179130000.0,1.3,439.63,-3.84,,9310000.0,218.22,225.4,2019-08-22 13:23:24.090596
221.8,0.97,0.0044,222.8,179130000.0,1.3,439.63,-3.84,,9310000.0,218.22,225.4,2019-08-22 13:23:45.269044
221.92,1.09,0.0049,222.8,179130000.0,1.3,439.63,-3.84,,9310000.0,218.22,225.4,2019-08-22 13:24:06.261924
221.92,1.09,0.0049,222.8,179130000.0,1.3,439.63,-3.84,,9310000.0,218.22,225.4,2019-08-22 13:24:27.635283
221.93,1.1035,0.005,222.8,179130000.0,1.3,439.63,-3.84,,9310000.0,218.22,225.4,2019-08-22 13:24:48.979045
221.98,1.15,0.0052,222.8,179130000.0,1.3,439.63,-3.84,,9310000.0,218.22,225.4,2019-08-22 13:25:10.242257
221.98,1.15,0.0052,222.8,179130000.0,1.3,439.63,-3.84,,9310000.0,218.22,225.4,2019-08-22 13:25:32.033738
221.97,1.14,0.0052,222.8,179130000.0,1.3,439.63,-3.84,,9310000.0,218.22,225.4,2019-08-22 13:25:53.146450
221.96,1.13,0.0051,222.8,179130000.0,1.3,439.63,-3.84,,9310000.0,218.22,225.4,2019-08-22 13:26:15.060417
221.87,1.04,0.004699999999999999,222.8,179130000.0,1.3,439.63,-3.84,,9310000.0,218.22,225.4,2019-08-22 13:26:36.405365
221.78,0.9501,0.0043,222.8,179130000.0,1.3,439.63,-3.84,,9310000.0,218.22,225.4,2019-08-22 13:26:57.720088
221.78,0.9501,0.0043,222.8,179130000.0,1.3,439.63,-3.84,,9310000.0,218.22,225.4,2019-08-22 13:27:18.793391
221.87,1.04,0.004699999999999999,222.8,179130000.0,1.3,439.63,-3.84,,9310000.0,218.22,225.4,2019-08-22 13:27:40.090343
221.83,1.0,0.0045000000000000005,222.8,179130000.0,1.3,439.63,-3.84,,9310000.0,218.22,225.4,2019-08-22 13:28:01.108827
221.72,0.89,0.004,222.8,179130000.0,1.3,439.63,-3.84,,9310000.0,218.22,225.4,2019-08-22 13:28:22.193225
221.68,0.8501,0.0038,222.8,179130000.0,1.3,439.63,-3.84,,9310000.0,218.22,225.4,2019-08-22 13:28:44.107973
221.6,0.77,0.0035,222.8,179130000.0,1.3,439.63,-3.84,,9310000.0,218.22,225.4,2019-08-22 13:29:05.177836
221.59,0.76,0.0034,222.8,179130000.0,1.3,439.63,-3.84,,9310000.0,218.22,225.4,2019-08-22 13:29:26.434811
221.56,0.728,0.0033,222.8,179130000.0,1.3,439.63,-3.84,,9310000.0,218.22,225.4,2019-08-22 13:29:47.795382
221.58,0.75,0.0034,222.8,179130000.0,1.3,439.63,-3.84,,9310000.0,218.22,225.4,2019-08-22 13:30:09.111217
221.63,0.8,0.0036,222.8,179130000.0,1.3,439.63,-3.84,,9310000.0,218.22,225.4,2019-08-22 13:30:30.590184
221.59,0.755,0.0034,222.8,179130000.0,1.3,439.63,-3.84,,9310000.0,218.22,225.4,2019-08-22 13:30:51.723641
221.57,0.7422,0.0034,222.8,179130000.0,1.3,439.63,-3.84,,9310000.0,218.22,225.4,2019-08-22 13:31:13.492102
221.63,0.8,0.0036,222.8,179130000.0,1.3,439.63,-3.84,,9310000.0,218.22,225.4,2019-08-22 13:31:34.384889
221.63,0.8,0.0036,222.8,179130000.0,1.3,439.63,-3.84,,9310000.0,218.22,225.4,2019-08-22 13:31:55.408020
221.58,0.75,0.0034,222.8,179130000.0,1.3,439.63,-3.84,,9310000.0,218.22,225.4,2019-08-22 13:32:17.558091
221.65,0.82,0.0037,222.8,179130000.0,1.3,439.63,-3.84,,9310000.0,218.22,225.4,2019-08-22 13:32:38.924809
221.65,0.82,0.0037,222.8,179130000.0,1.3,439.63,-3.84,,9310000.0,218.22,225.4,2019-08-22 13:33:00.455306
221.62,0.7909999999999999,0.0036,222.8,179130000.0,1.3,439.63,-3.84,,9310000.0,218.22,225.4,2019-08-22 13:33:21.529649
221.64,0.81,0.0037,222.8,179130000.0,1.3,439.63,-3.84,,9310000.0,218.22,225.4,2019-08-22 13:33:42.622695
221.64,0.81,0.0037,222.8,179130000.0,1.3,439.63,-3.84,,9310000.0,218.22,225.4,2019-08-22 13:34:03.965644
221.59,0.7647,0.0035,222.8,179130000.0,1.3,439.63,-3.84,,9310000.0,218.22,225.4,2019-08-22 13:34:26.650634
221.59,0.76,0.0034,222.8,179130000.0,1.3,439.63,-3.84,,9310000.0,218.22,225.4,2019-08-22 13:34:47.830183
221.59,0.76,0.0034,222.8,179130000.0,1.3,439.63,-3.84,,9310000.0,218.22,225.4,2019-08-22 13:35:09.148861
221.58,0.7508,0.0034,222.8,179130000.0,1.3,439.63,-3.84,,9310000.0,218.22,225.4,2019-08-22 13:35:30.434034
221.65,0.82,0.0037,222.8,179130000.0,1.3,439.63,-3.84,,9310000.0,218.22,225.4,2019-08-22 13:35:51.453635
221.68,0.85,0.0038,222.8,179130000.0,1.3,439.63,-3.84,,9310000.0,218.22,225.4,2019-08-22 13:36:13.112387
221.65,0.8215,0.0037,222.8,179130000.0,1.3,439.63,-3.84,,9310000.0,218.22,225.4,2019-08-22 13:36:34.224306
221.65,0.8215,0.0037,222.8,179130000.0,1.3,439.63,-3.84,,9310000.0,218.22,225.4,2019-08-22 13:36:55.376327
221.63,0.799,0.0036,222.8,179130000.0,1.3,439.63,-3.84,,9310000.0,218.22,225.4,2019-08-22 13:37:16.619608
221.68,0.845,0.0038,222.8,179130000.0,1.3,439.63,-3.84,,9310000.0,218.22,225.4,2019-08-22 13:37:37.614325
221.79,0.96,0.0043,222.8,179130000.0,1.3,439.63,-3.84,,9310000.0,218.22,225.4,2019-08-22 13:37:58.972159
221.76,0.9289,0.0042,222.8,179130000.0,1.3,439.63,-3.84,,9310000.0,218.22,225.4,2019-08-22 13:38:21.305870
221.8,0.97,0.0044,222.8,179130000.0,1.3,439.63,-3.84,,9310000.0,218.22,225.4,2019-08-22 13:38:42.415297
221.84,1.01,0.0046,222.8,179130000.0,1.3,439.63,-3.84,,9310000.0,218.22,225.4,2019-08-22 13:39:03.733669
221.98,1.15,0.0052,222.8,179130000.0,1.3,439.63,-3.84,,9310000.0,218.22,225.4,2019-08-22 13:39:24.579583
221.98,1.15,0.0052,222.8,179130000.0,1.3,439.63,-3.84,,9310000.0,218.22,225.4,2019-08-22 13:39:45.344069
221.88,1.05,0.0048,222.8,179130000.0,1.3,439.63,-3.84,,9310000.0,218.22,225.4,2019-08-22 13:40:06.366422
221.97,1.1373,0.0052,222.8,179130000.0,1.3,439.63,-3.84,,9310000.0,218.22,225.4,2019-08-22 13:40:27.512312
221.84,1.01,0.0046,222.8,179130000.0,1.3,439.63,-3.84,,9310000.0,218.22,225.4,2019-08-22 13:40:48.587654
221.75,0.92,0.0042,222.8,179130000.0,1.3,439.63,-3.84,,9310000.0,218.22,225.4,2019-08-22 13:41:09.359057
221.83,1.0,0.0045000000000000005,222.8,179130000.0,1.3,439.63,-3.84,,9310000.0,218.22,225.4,2019-08-22 13:41:30.451144
221.96,1.13,0.0051,222.8,179130000.0,1.3,439.63,-3.84,,9310000.0,218.22,225.4,2019-08-22 13:41:51.952281
221.98,1.15,0.0052,222.8,179130000.0,1.3,439.63,-3.84,,9310000.0,218.22,225.4,2019-08-22 13:42:13.412439
222.04,1.214,0.0055000000000000005,222.8,179130000.0,1.3,439.63,-3.84,,9310000.0,218.22,225.4,2019-08-22 13:42:34.434006
222.0,1.17,0.0053,222.8,179130000.0,1.3,439.63,-3.84,,9310000.0,218.22,225.4,2019-08-22 13:42:55.111170
222.03,1.2,0.0054,222.8,179130000.0,1.3,439.63,-3.84,,9310000.0,218.22,225.4,2019-08-22 13:43:15.763284
222.13,1.2962,0.0059,222.8,179130000.0,1.3,439.63,-3.84,,9310000.0,218.22,225.4,2019-08-22 13:43:37.018817
222.21,1.375,0.0062,222.8,179130000.0,1.3,439.63,-3.84,,9310000.0,218.22,225.4,2019-08-22 13:43:57.775668
222.21,1.3814,0.0063,222.8,179130000.0,1.3,439.63,-3.84,,9310000.0,218.22,225.4,2019-08-22 13:44:19.087880
222.17,1.337,0.0061,222.8,179130000.0,1.3,439.63,-3.84,,9310000.0,218.22,225.4,2019-08-22 13:44:39.922231
222.08,1.2455,0.005600000000000001,222.8,179130000.0,1.3,439.63,-3.84,,9310000.0,218.22,225.4,2019-08-22 13:45:01.087886
222.21,1.38,0.0062,222.8,179130000.0,1.3,439.63,-3.84,,9310000.0,218.22,225.4,2019-08-22 13:45:22.259012
222.44,1.6082,0.0073,222.8,179130000.0,1.3,439.63,-3.84,,9310000.0,218.22,225.4,2019-08-22 13:45:43.285105
222.4,1.57,0.0071,222.8,179130000.0,1.3,439.63,-3.84,,9310000.0,218.22,225.4,2019-08-22 13:46:04.376270
222.33,1.5,0.0068000000000000005,222.8,179130000.0,1.3,439.63,-3.84,,9310000.0,218.22,225.4,2019-08-22 13:46:25.542994
222.5,1.67,0.0076,222.8,179130000.0,1.3,439.63,-3.84,,9310000.0,218.22,225.4,2019-08-22 13:46:46.492427
222.48,1.6501,0.0075,222.8,179130000.0,1.3,439.63,-3.84,,9310000.0,218.22,225.4,2019-08-22 13:47:07.749950
222.45,1.6230000000000002,0.0073,222.8,179130000.0,1.3,439.63,-3.84,,9310000.0,218.22,225.4,2019-08-22 13:47:29.454488
222.47,1.6367,0.0074,222.8,179130000.0,1.3,439.63,-3.84,,9310000.0,218.22,225.4,2019-08-22 13:47:50.992599
222.55,1.715,0.0078,222.8,179130000.0,1.3,439.63,-3.84,,9310000.0,218.22,225.4,2019-08-22 13:48:12.503187
222.57,1.735,0.0079,222.8,179130000.0,1.3,439.63,-3.84,,9310000.0,218.22,225.4,2019-08-22 13:48:34.101984
222.5,1.6724,0.0076,222.8,179130000.0,1.3,439.63,-3.84,,9310000.0,218.22,225.4,2019-08-22 13:48:55.304717
222.51,1.68,0.0076,222.8,179130000.0,1.3,439.63,-3.84,,9310000.0,218.22,225.4,2019-08-22 13:49:16.648277
222.51,1.68,0.0076,222.8,179130000.0,1.3,439.63,-3.84,,9310000.0,218.22,225.4,2019-08-22 13:49:38.296447
222.53,1.7,0.0077,222.8,179130000.0,1.3,439.63,-3.84,,9310000.0,218.22,225.4,2019-08-22 13:49:59.378870
222.72,1.8926,0.0086,222.8,179130000.0,1.3,439.63,-3.84,,9310000.0,218.22,225.4,2019-08-22 13:50:20.517628
222.75,1.92,0.0087,222.8,179130000.0,1.3,439.63,-3.84,,9310000.0,218.22,225.4,2019-08-22 13:50:41.394145
222.9,2.07,0.0094,222.8,179130000.0,1.3,439.63,-3.84,,9310000.0,218.22,225.4,2019-08-22 13:51:02.561413
222.78,1.9531,0.0088,222.8,179130000.0,1.3,439.63,-3.84,,9310000.0,218.22,225.4,2019-08-22 13:51:24.200708
222.76,1.93,0.0087,222.8,179130000.0,1.3,439.63,-3.84,,9310000.0,218.22,225.4,2019-08-22 13:51:45.256454
222.78,1.9477,0.0088,222.8,179130000.0,1.3,439.63,-3.84,,9310000.0,218.22,225.4,2019-08-22 13:52:06.518806
222.85,2.02,0.0091,222.8,179130000.0,1.3,439.63,-3.84,,9310000.0,218.22,225.4,2019-08-22 13:52:28.124335
222.73,1.8995,0.0086,222.8,179130000.0,1.3,439.63,-3.84,,9310000.0,218.22,225.4,2019-08-22 13:52:49.054050
222.88,2.0499,0.0093,222.8,179130000.0,1.3,439.63,-3.84,,9310000.0,218.22,225.4,2019-08-22 13:53:09.989215
222.82,1.99,0.009000000000000001,222.8,179130000.0,1.3,439.63,-3.84,,9310000.0,218.22,225.4,2019-08-22 13:53:31.621628
222.73,1.9,0.0086,222.8,179130000.0,1.3,439.63,-3.84,,9310000.0,218.22,225.4,2019-08-22 13:53:53.132538
222.84,2.01,0.0091,222.8,179130000.0,1.3,439.63,-3.84,,9310000.0,218.22,225.4,2019-08-22 13:54:15.385888
222.84,2.01,0.0091,222.8,179130000.0,1.3,439.63,-3.84,,9310000.0,218.22,225.4,2019-08-22 13:54:36.775093
222.84,2.01,0.0091,222.8,179130000.0,1.3,439.63,-3.84,,9310000.0,218.22,225.4,2019-08-22 13:54:57.956654
222.74,1.91,0.0086,222.8,179130000.0,1.3,439.63,-3.84,,9310000.0,218.22,225.4,2019-08-22 13:55:19.231682
222.74,1.91,0.0086,222.8,179130000.0,1.3,439.63,-3.84,,9310000.0,218.22,225.4,2019-08-22 13:55:40.898789
222.6,1.77,0.008,222.8,179130000.0,1.3,439.63,-3.84,,9310000.0,218.22,225.4,2019-08-22 13:56:01.859426
222.56,1.73,0.0078,222.8,179130000.0,1.3,439.63,-3.84,,9310000.0,218.22,225.4,2019-08-22 13:56:23.029209
222.52,1.6901,0.0077,222.8,179130000.0,1.3,439.63,-3.84,,9310000.0,218.22,225.4,2019-08-22 13:56:44.248110
222.6,1.77,0.008,222.8,179130000.0,1.3,439.63,-3.84,,9310000.0,218.22,225.4,2019-08-22 13:57:05.439088
222.49,1.66,0.0075,222.8,179130000.0,1.3,439.63,-3.84,,9310000.0,218.22,225.4,2019-08-22 13:57:26.469176
222.69,1.86,0.0084,222.8,179130000.0,1.3,439.63,-3.84,,9310000.0,218.22,225.4,2019-08-22 13:57:48.009105
222.6,1.77,0.008,222.8,179130000.0,1.3,439.63,-3.84,,9310000.0,218.22,225.4,2019-08-22 13:58:09.192314
222.65,1.82,0.008199999999999999,222.8,179130000.0,1.3,439.63,-3.84,,9310000.0,218.22,225.4,2019-08-22 13:58:30.834060
222.76,1.9313,0.0087,222.8,179130000.0,1.3,439.63,-3.84,,9310000.0,218.22,225.4,2019-08-22 13:58:51.755921
222.58,1.75,0.0079,222.8,179130000.0,1.3,439.63,-3.84,,9310000.0,218.22,225.4,2019-08-22 13:59:13.154847
222.63,1.7999,0.008199999999999999,222.8,179130000.0,1.3,439.63,-3.84,,9310000.0,218.22,225.4,2019-08-22 13:59:33.998616
222.62,1.7902,0.008100000000000001,222.8,179130000.0,1.3,439.63,-3.84,,9310000.0,218.22,225.4,2019-08-22 13:59:55.016531
222.62,1.7902,0.008100000000000001,222.8,179130000.0,1.3,439.63,-3.84,,9310000.0,218.22,225.4,2019-08-22 14:00:16.270470
222.66,1.825,0.0083,222.8,179130000.0,1.3,439.63,-3.84,,9310000.0,218.22,225.4,2019-08-22 14:00:37.547821
222.61,1.78,0.008100000000000001,222.8,179130000.0,1.3,439.63,-3.84,,9310000.0,218.22,225.4,2019-08-22 14:00:58.657409
222.7,1.87,0.0085,222.8,179130000.0,1.3,439.63,-3.84,,9310000.0,218.22,225.4,2019-08-22 14:01:19.639665
222.59,1.755,0.0079,222.8,179130000.0,1.3,439.63,-3.84,,9310000.0,218.22,225.4,2019-08-22 14:01:40.908049
222.38,1.55,0.006999999999999999,222.8,179130000.0,1.3,439.63,-3.84,,9310000.0,218.22,225.4,2019-08-22 14:02:02.351030
222.48,1.65,0.0075,222.8,179130000.0,1.3,439.63,-3.84,,9310000.0,218.22,225.4,2019-08-22 14:02:23.801102
222.48,1.65,0.0075,222.8,179130000.0,1.3,439.63,-3.84,,9310000.0,218.22,225.4,2019-08-22 14:02:45.133924
222.48,1.65,0.0075,222.8,179130000.0,1.3,439.63,-3.84,,9310000.0,218.22,225.4,2019-08-22 14:03:06.812182
222.37,1.535,0.006999999999999999,222.8,179130000.0,1.3,439.63,-3.84,,9310000.0,218.22,225.4,2019-08-22 14:03:27.560271
222.47,1.6416,0.0074,222.8,179130000.0,1.3,439.63,-3.84,,9310000.0,218.22,225.4,2019-08-22 14:03:48.353022
222.15,1.32,0.006,222.8,179130000.0,1.3,439.63,-3.84,,9310000.0,218.22,225.4,2019-08-22 14:04:09.696871
222.06,1.23,0.005600000000000001,222.8,179130000.0,1.3,439.63,-3.84,,9310000.0,218.22,225.4,2019-08-22 14:04:30.847220
222.06,1.23,0.005600000000000001,222.8,179130000.0,1.3,439.63,-3.84,,9310000.0,218.22,225.4,2019-08-22 14:04:52.263324
222.22,1.3853,0.0063,222.8,179130000.0,1.3,439.63,-3.84,,9310000.0,218.22,225.4,2019-08-22 14:05:13.143665
222.17,1.34,0.0061,222.8,179130000.0,1.3,439.63,-3.84,,9310000.0,218.22,225.4,2019-08-22 14:05:34.081142
222.35,1.5239,0.0069,222.8,179130000.0,1.3,439.63,-3.84,,9310000.0,218.22,225.4,2019-08-22 14:05:55.122761
222.35,1.5239,0.0069,222.8,179130000.0,1.3,439.63,-3.84,,9310000.0,218.22,225.4,2019-08-22 14:06:15.812535
222.37,1.54,0.006999999999999999,222.8,179130000.0,1.3,439.63,-3.84,,9310000.0,218.22,225.4,2019-08-22 14:06:36.876236
222.12,1.29,0.0058,222.8,179130000.0,1.3,439.63,-3.84,,9310000.0,218.22,225.4,2019-08-22 14:06:58.238360
222.12,1.29,0.0058,222.8,179130000.0,1.3,439.63,-3.84,,9310000.0,218.22,225.4,2019-08-22 14:07:19.430595
222.25,1.4199,0.0064,222.8,179130000.0,1.3,439.63,-3.84,,9310000.0,218.22,225.4,2019-08-22 14:07:40.465560
222.24,1.41,0.0064,222.8,179130000.0,1.3,439.63,-3.84,,9310000.0,218.22,225.4,2019-08-22 14:08:01.889749
222.21,1.38,0.0062,222.8,179130000.0,1.3,439.63,-3.84,,9310000.0,218.22,225.4,2019-08-22 14:08:23.126868
222.21,1.38,0.0062,222.8,179130000.0,1.3,439.63,-3.84,,9310000.0,218.22,225.4,2019-08-22 14:08:44.181452
222.21,1.38,0.0062,222.8,179130000.0,1.3,439.63,-3.84,,9310000.0,218.22,225.4,2019-08-22 14:09:05.177572
222.32,1.49,0.0067,222.8,179130000.0,1.3,439.63,-3.84,,9310000.0,218.22,225.4,2019-08-22 14:09:26.510016
222.16,1.33,0.006,222.8,179130000.0,1.3,439.63,-3.84,,9310000.0,218.22,225.4,2019-08-22 14:09:47.521398
222.16,1.33,0.006,222.8,179130000.0,1.3,439.63,-3.84,,9310000.0,218.22,225.4,2019-08-22 14:10:09.825193
222.2,1.37,0.0062,222.8,179130000.0,1.3,439.63,-3.84,,9310000.0,218.22,225.4,2019-08-22 14:10:35.022719
222.1,1.2668,0.005699999999999999,222.8,179130000.0,1.3,439.63,-3.84,,9310000.0,218.22,225.4,2019-08-22 14:10:55.764177
222.07,1.2407,0.005600000000000001,222.8,179130000.0,1.3,439.63,-3.84,,9310000.0,218.22,225.4,2019-08-22 14:11:16.727134
221.94,1.11,0.005,222.8,179130000.0,1.3,439.63,-3.84,,9310000.0,218.22,225.4,2019-08-22 14:11:38.335456
221.96,1.13,0.0051,222.8,179130000.0,1.3,439.63,-3.84,,9310000.0,218.22,225.4,2019-08-22 14:11:59.395101
222.09,1.2566,0.005699999999999999,222.8,179130000.0,1.3,439.63,-3.84,,9310000.0,218.22,225.4,2019-08-22 14:12:20.700358
222.18,1.35,0.0061,222.8,179130000.0,1.3,439.63,-3.84,,9310000.0,218.22,225.4,2019-08-22 14:12:41.917433
222.19,1.36,0.0062,222.8,179130000.0,1.3,439.63,-3.84,,9310000.0,218.22,225.4,2019-08-22 14:13:03.159545
222.01,1.18,0.0053,222.8,179130000.0,1.3,439.63,-3.84,,9310000.0,218.22,225.4,2019-08-22 14:13:24.643635
222.09,1.26,0.005699999999999999,222.8,179130000.0,1.3,439.63,-3.84,,9310000.0,218.22,225.4,2019-08-22 14:13:46.067566
222.11,1.2786,0.0058,222.8,179130000.0,1.3,439.63,-3.84,,9310000.0,218.22,225.4,2019-08-22 14:14:07.051805
222.13,1.3033,0.0059,222.8,179130000.0,1.3,439.63,-3.84,,9310000.0,218.22,225.4,2019-08-22 14:14:28.560887
222.07,1.24,0.005600000000000001,222.8,179130000.0,1.3,439.63,-3.84,,9310000.0,218.22,225.4,2019-08-22 14:14:49.856711
222.03,1.2,0.0054,222.8,179130000.0,1.3,439.63,-3.84,,9310000.0,218.22,225.4,2019-08-22 14:15:10.693763
222.08,1.25,0.005699999999999999,222.8,179130000.0,1.3,439.63,-3.84,,9310000.0,218.22,225.4,2019-08-22 14:15:32.134609
222.17,1.34,0.0061,222.8,179130000.0,1.3,439.63,-3.84,,9310000.0,218.22,225.4,2019-08-22 14:15:53.227820
222.13,1.295,0.0059,222.8,179130000.0,1.3,439.63,-3.84,,9310000.0,218.22,225.4,2019-08-22 14:16:14.303043
222.37,1.5391,0.006999999999999999,222.8,179130000.0,1.3,439.63,-3.84,,9310000.0,218.22,225.4,2019-08-22 14:16:35.431124
222.2,1.37,0.0062,222.8,179130000.0,1.3,439.63,-3.84,,9310000.0,218.22,225.4,2019-08-22 14:16:56.474817
222.22,1.39,0.0063,222.8,179130000.0,1.3,439.63,-3.84,,9310000.0,218.22,225.4,2019-08-22 14:17:17.622103
222.11,1.28,0.0058,222.8,179130000.0,1.3,439.63,-3.84,,9310000.0,218.22,225.4,2019-08-22 14:17:38.914949
222.15,1.32,0.006,222.8,179130000.0,1.3,439.63,-3.84,,9310000.0,218.22,225.4,2019-08-22 14:17:59.846645
222.1,1.2658,0.005699999999999999,222.8,179130000.0,1.3,439.63,-3.84,,9310000.0,218.22,225.4,2019-08-22 14:18:21.099587
222.03,1.2,0.0054,222.8,179130000.0,1.3,439.63,-3.84,,9310000.0,218.22,225.4,2019-08-22 14:18:42.015696
222.09,1.2562,0.005699999999999999,222.8,179130000.0,1.3,439.63,-3.84,,9310000.0,218.22,225.4,2019-08-22 14:19:03.291926
222.09,1.2562,0.005699999999999999,222.8,179130000.0,1.3,439.63,-3.84,,9310000.0,218.22,225.4,2019-08-22 14:19:24.844101
222.13,1.3,0.0059,222.8,179130000.0,1.3,439.63,-3.84,,9310000.0,218.22,225.4,2019-08-22 14:19:46.447455
222.12,1.29,0.0058,222.8,179130000.0,1.3,439.63,-3.84,,9310000.0,218.22,225.4,2019-08-22 14:20:07.790242
222.12,1.2895,0.0058,222.8,179130000.0,1.3,439.63,-3.84,,9310000.0,218.22,225.4,2019-08-22 14:20:28.683973
222.05,1.2166,0.0055000000000000005,222.8,179130000.0,1.3,439.63,-3.84,,9310000.0,218.22,225.4,2019-08-22 14:20:49.736384
222.07,1.24,0.005600000000000001,222.8,179130000.0,1.3,439.63,-3.84,,9310000.0,218.22,225.4,2019-08-22 14:21:11.333109
222.08,1.25,0.005699999999999999,222.8,179130000.0,1.3,439.63,-3.84,,9310000.0,218.22,225.4,2019-08-22 14:21:32.254851
222.04,1.2075,0.0055000000000000005,222.8,179130000.0,1.3,439.63,-3.84,,9310000.0,218.22,225.4,2019-08-22 14:21:53.100881
222.02,1.185,0.0054,222.8,179130000.0,1.3,439.63,-3.84,,9310000.0,218.22,225.4,2019-08-22 14:22:14.158285
222.0,1.17,0.0053,222.8,179130000.0,1.3,439.63,-3.84,,9310000.0,218.22,225.4,2019-08-22 14:22:35.531360
221.93,1.095,0.005,222.8,179130000.0,1.3,439.63,-3.84,,9310000.0,218.22,225.4,2019-08-22 14:22:56.506828
221.95,1.12,0.0051,222.8,179130000.0,1.3,439.63,-3.84,,9310000.0,218.22,225.4,2019-08-22 14:23:17.661162
221.99,1.16,0.0053,222.8,179130000.0,1.3,439.63,-3.84,,9310000.0,218.22,225.4,2019-08-22 14:23:38.970629
221.89,1.0604,0.0048,222.8,179130000.0,1.3,439.63,-3.84,,9310000.0,218.22,225.4,2019-08-22 14:24:00.232918
221.89,1.06,0.0048,222.8,179130000.0,1.3,439.63,-3.84,,9310000.0,218.22,225.4,2019-08-22 14:24:21.585676
221.98,1.1499,0.0052,222.8,179130000.0,1.3,439.63,-3.84,,9310000.0,218.22,225.4,2019-08-22 14:24:42.651209
221.98,1.1499,0.0052,222.8,179130000.0,1.3,439.63,-3.84,,9310000.0,218.22,225.4,2019-08-22 14:25:06.689057
222.07,1.24,0.005600000000000001,222.8,179130000.0,1.3,439.63,-3.84,,9310000.0,218.22,225.4,2019-08-22 14:25:28.238700
221.97,1.14,0.0052,222.8,179130000.0,1.3,439.63,-3.84,,9310000.0,218.22,225.4,2019-08-22 14:25:49.260198
221.99,1.16,0.0053,222.8,179130000.0,1.3,439.63,-3.84,,9310000.0,218.22,225.4,2019-08-22 14:26:10.319898
221.93,1.1,0.005,222.8,179130000.0,1.3,439.63,-3.84,,9310000.0,218.22,225.4,2019-08-22 14:26:31.934447
221.96,1.1261,0.0051,222.8,179130000.0,1.3,439.63,-3.84,,9310000.0,218.22,225.4,2019-08-22 14:26:53.396344
221.99,1.16,0.0053,222.8,179130000.0,1.3,439.63,-3.84,,9310000.0,218.22,225.4,2019-08-22 14:27:14.284665
221.88,1.05,0.0048,222.8,179130000.0,1.3,439.63,-3.84,,9310000.0,218.22,225.4,2019-08-22 14:27:36.195801
221.83,1.0,0.0045000000000000005,222.8,179130000.0,1.3,439.63,-3.84,,9310000.0,218.22,225.4,2019-08-22 14:27:58.205350
221.89,1.06,0.0048,222.8,179130000.0,1.3,439.63,-3.84,,9310000.0,218.22,225.4,2019-08-22 14:28:19.729261
221.9,1.065,0.0048,222.8,179130000.0,1.3,439.63,-3.84,,9310000.0,218.22,225.4,2019-08-22 14:28:40.896523
221.9,1.065,0.0048,222.8,179130000.0,1.3,439.63,-3.84,,9310000.0,218.22,225.4,2019-08-22 14:29:03.398422
222.08,1.25,0.005699999999999999,222.8,179130000.0,1.3,439.63,-3.84,,9310000.0,218.22,225.4,2019-08-22 14:29:24.658739
222.09,1.2572,0.005699999999999999,222.8,179130000.0,1.3,439.63,-3.84,,9310000.0,218.22,225.4,2019-08-22 14:29:46.393633
222.0,1.165,0.0053,222.8,179130000.0,1.3,439.63,-3.84,,9310000.0,218.22,225.4,2019-08-22 14:30:07.929509
222.01,1.18,0.0053,222.8,179130000.0,1.3,439.63,-3.84,,9310000.0,218.22,225.4,2019-08-22 14:30:29.033203
221.94,1.11,0.005,222.8,179130000.0,1.3,439.63,-3.84,,9310000.0,218.22,225.4,2019-08-22 14:30:50.228781
222.08,1.25,0.005699999999999999,222.8,179130000.0,1.3,439.63,-3.84,,9310000.0,218.22,225.4,2019-08-22 14:31:11.310771
222.05,1.22,0.0055000000000000005,222.8,179130000.0,1.3,439.63,-3.84,,9310000.0,218.22,225.4,2019-08-22 14:31:33.004093
222.1,1.2693,0.005699999999999999,222.8,179130000.0,1.3,439.63,-3.84,,9310000.0,218.22,225.4,2019-08-22 14:31:54.066541
222.01,1.18,0.0053,222.8,179130000.0,1.3,439.63,-3.84,,9310000.0,218.22,225.4,2019-08-22 14:32:15.201665
221.95,1.12,0.0051,222.8,179130000.0,1.3,439.63,-3.84,,9310000.0,218.22,225.4,2019-08-22 14:32:36.534519
222.04,1.205,0.0055000000000000005,222.8,179130000.0,1.3,439.63,-3.84,,9310000.0,218.22,225.4,2019-08-22 14:32:57.657334
222.08,1.2542,0.005699999999999999,222.8,179130000.0,1.3,439.63,-3.84,,9310000.0,218.22,225.4,2019-08-22 14:33:18.984203
222.25,1.42,0.0064,222.8,179130000.0,1.3,439.63,-3.84,,9310000.0,218.22,225.4,2019-08-22 14:33:40.566518
222.33,1.5,0.0068000000000000005,222.8,179130000.0,1.3,439.63,-3.84,,9310000.0,218.22,225.4,2019-08-22 14:34:01.571994
222.24,1.41,0.0064,222.8,179130000.0,1.3,439.63,-3.84,,9310000.0,218.22,225.4,2019-08-22 14:34:22.469270
222.26,1.43,0.006500000000000001,222.8,179130000.0,1.3,439.63,-3.84,,9310000.0,218.22,225.4,2019-08-22 14:34:43.612467
222.3,1.4744,0.0067,222.8,179130000.0,1.3,439.63,-3.84,,9310000.0,218.22,225.4,2019-08-22 14:35:04.573919
222.29,1.46,0.0066,222.8,179130000.0,1.3,439.63,-3.84,,9310000.0,218.22,225.4,2019-08-22 14:35:26.347667
222.32,1.49,0.0067,222.8,179130000.0,1.3,439.63,-3.84,,9310000.0,218.22,225.4,2019-08-22 14:35:47.632159
222.36,1.53,0.0069,222.8,179130000.0,1.3,439.63,-3.84,,9310000.0,218.22,225.4,2019-08-22 14:36:09.063498
222.38,1.55,0.006999999999999999,222.8,179130000.0,1.3,439.63,-3.84,,9310000.0,218.22,225.4,2019-08-22 14:36:31.047500
222.41,1.58,0.0072,222.8,179130000.0,1.3,439.63,-3.84,,9310000.0,218.22,225.4,2019-08-22 14:36:53.022713
222.42,1.59,0.0072,222.8,179130000.0,1.3,439.63,-3.84,,9310000.0,218.22,225.4,2019-08-22 14:37:14.491629
222.45,1.62,0.0073,222.8,179130000.0,1.3,439.63,-3.84,,9310000.0,218.22,225.4,2019-08-22 14:37:35.440403
222.41,1.58,0.0072,222.8,179130000.0,1.3,439.63,-3.84,,9310000.0,218.22,225.4,2019-08-22 14:37:56.856470
222.6,1.77,0.008,222.8,179130000.0,1.3,439.63,-3.84,,9310000.0,218.22,225.4,2019-08-22 14:38:18.012322
222.58,1.75,0.0079,222.8,179130000.0,1.3,439.63,-3.84,,9310000.0,218.22,225.4,2019-08-22 14:38:39.229011
222.54,1.71,0.0077,222.8,179130000.0,1.3,439.63,-3.84,,9310000.0,218.22,225.4,2019-08-22 14:39:00.422764
222.47,1.6442,0.0074,222.8,179130000.0,1.3,439.63,-3.84,,9310000.0,218.22,225.4,2019-08-22 14:39:21.746656
222.55,1.72,0.0078,222.8,179130000.0,1.3,439.63,-3.84,,9310000.0,218.22,225.4,2019-08-22 14:39:42.975310
222.47,1.64,0.0074,222.8,179130000.0,1.3,439.63,-3.84,,9310000.0,218.22,225.4,2019-08-22 14:40:04.028720
222.53,1.7,0.0077,222.8,179130000.0,1.3,439.63,-3.84,,9310000.0,218.22,225.4,2019-08-22 14:40:25.019109
222.56,1.7308,0.0078,222.8,179130000.0,1.3,439.63,-3.84,,9310000.0,218.22,225.4,2019-08-22 14:40:46.297775
222.58,1.7474,0.0079,222.8,179130000.0,1.3,439.63,-3.84,,9310000.0,218.22,225.4,2019-08-22 14:41:07.471526
222.55,1.72,0.0078,222.8,179130000.0,1.3,439.63,-3.84,,9310000.0,218.22,225.4,2019-08-22 14:41:28.829964
222.58,1.75,0.0079,222.8,179130000.0,1.3,439.63,-3.84,,9310000.0,218.22,225.4,2019-08-22 14:41:50.526624
222.6,1.77,0.008,222.8,179130000.0,1.3,439.63,-3.84,,9310000.0,218.22,225.4,2019-08-22 14:42:12.021887
222.69,1.86,0.0084,222.8,179130000.0,1.3,439.63,-3.84,,9310000.0,218.22,225.4,2019-08-22 14:42:33.383986
222.69,1.86,0.0084,222.8,179130000.0,1.3,439.63,-3.84,,9310000.0,218.22,225.4,2019-08-22 14:42:54.736730
222.62,1.79,0.008100000000000001,222.8,179130000.0,1.3,439.63,-3.84,,9310000.0,218.22,225.4,2019-08-22 14:43:16.198692
222.56,1.725,0.0078,222.8,179130000.0,1.3,439.63,-3.84,,9310000.0,218.22,225.4,2019-08-22 14:43:37.202979
222.55,1.72,0.0078,222.8,179130000.0,1.3,439.63,-3.84,,9310000.0,218.22,225.4,2019-08-22 14:43:58.350699
222.49,1.6565,0.0075,222.8,179130000.0,1.3,439.63,-3.84,,9310000.0,218.22,225.4,2019-08-22 14:44:19.627843
222.55,1.72,0.0078,222.8,179130000.0,1.3,439.63,-3.84,,9310000.0,218.22,225.4,2019-08-22 14:44:40.775982
222.62,1.79,0.008100000000000001,222.8,179130000.0,1.3,439.63,-3.84,,9310000.0,218.22,225.4,2019-08-22 14:45:02.077066
222.57,1.74,0.0079,222.8,179130000.0,1.3,439.63,-3.84,,9310000.0,218.22,225.4,2019-08-22 14:45:23.150863
222.58,1.7516,0.0079,222.8,179130000.0,1.3,439.63,-3.84,,9310000.0,218.22,225.4,2019-08-22 14:45:44.206212
222.55,1.72,0.0078,222.8,179130000.0,1.3,439.63,-3.84,,9310000.0,218.22,225.4,2019-08-22 14:46:05.192076
222.65,1.82,0.008199999999999999,222.8,179130000.0,1.3,439.63,-3.84,,9310000.0,218.22,225.4,2019-08-22 14:46:26.849818
222.56,1.73,0.0078,222.8,179130000.0,1.3,439.63,-3.84,,9310000.0,218.22,225.4,2019-08-22 14:46:48.231972
222.6,1.77,0.008,222.8,179130000.0,1.3,439.63,-3.84,,9310000.0,218.22,225.4,2019-08-22 14:47:09.149794
222.57,1.74,0.0079,222.8,179130000.0,1.3,439.63,-3.84,,9310000.0,218.22,225.4,2019-08-22 14:47:31.496078
222.53,1.6954,0.0077,222.8,179130000.0,1.3,439.63,-3.84,,9310000.0,218.22,225.4,2019-08-22 14:47:52.469744
222.6,1.77,0.008,222.8,179130000.0,1.3,439.63,-3.84,,9310000.0,218.22,225.4,2019-08-22 14:48:13.353562
222.52,1.69,0.0077,222.8,179130000.0,1.3,439.63,-3.84,,9310000.0,218.22,225.4,2019-08-22 14:48:34.554652
222.55,1.7207,0.0078,222.8,179130000.0,1.3,439.63,-3.84,,9310000.0,218.22,225.4,2019-08-22 14:48:55.752584
222.62,1.79,0.008100000000000001,222.8,179130000.0,1.3,439.63,-3.84,,9310000.0,218.22,225.4,2019-08-22 14:49:16.689050
222.64,1.8099,0.008199999999999999,222.8,179130000.0,1.3,439.63,-3.84,,9310000.0,218.22,225.4,2019-08-22 14:49:38.077516
222.68,1.85,0.0084,222.8,179130000.0,1.3,439.63,-3.84,,9310000.0,218.22,225.4,2019-08-22 14:49:58.969279
222.84,2.005,0.0091,222.8,179130000.0,1.3,439.63,-3.84,,9310000.0,218.22,225.4,2019-08-22 14:50:20.364231
222.9,2.07,0.0094,222.8,179130000.0,1.3,439.63,-3.84,,9310000.0,218.22,225.4,2019-08-22 14:50:41.835330
222.97,2.14,0.0097,222.8,179130000.0,1.3,439.63,-3.84,,9310000.0,218.22,225.4,2019-08-22 14:51:03.484547
222.98,2.15,0.0097,222.8,179130000.0,1.3,439.63,-3.84,,9310000.0,218.22,225.4,2019-08-22 14:51:26.439273
222.98,2.15,0.0097,222.8,179130000.0,1.3,439.63,-3.84,,9310000.0,218.22,225.4,2019-08-22 14:51:52.155459
223.05,2.2167,0.01,222.8,179130000.0,1.3,439.63,-3.84,,9310000.0,218.22,225.4,2019-08-22 14:52:14.497328
223.03,2.2,0.01,222.8,179130000.0,1.3,439.63,-3.84,,9310000.0,218.22,225.4,2019-08-22 14:52:35.969303
223.05,2.22,0.0101,222.8,179130000.0,1.3,439.63,-3.84,,9310000.0,218.22,225.4,2019-08-22 14:52:57.409269
223.1,2.272,0.0103,222.8,179130000.0,1.3,439.63,-3.84,,9310000.0,218.22,225.4,2019-08-22 14:53:18.915315
223.2,2.37,0.0107,222.8,179130000.0,1.3,439.63,-3.84,,9310000.0,218.22,225.4,2019-08-22 14:53:40.500606
223.19,2.36,0.0107,222.8,179130000.0,1.3,439.63,-3.84,,9310000.0,218.22,225.4,2019-08-22 14:54:01.605277
222.96,2.13,0.0096,222.8,179130000.0,1.3,439.63,-3.84,,9310000.0,218.22,225.4,2019-08-22 14:54:23.535972
222.87,2.04,0.0092,222.8,179130000.0,1.3,439.63,-3.84,,9310000.0,218.22,225.4,2019-08-22 14:54:44.758508
222.89,2.06,0.0093,222.8,179130000.0,1.3,439.63,-3.84,,9310000.0,218.22,225.4,2019-08-22 14:55:05.914241
222.55,1.72,0.0078,222.8,179130000.0,1.3,439.63,-3.84,,9310000.0,218.22,225.4,2019-08-22 14:55:26.706868
222.87,2.04,0.0092,222.8,179130000.0,1.3,439.63,-3.84,,9310000.0,218.22,225.4,2019-08-22 14:55:47.698524
222.79,1.96,0.0089,222.8,179130000.0,1.3,439.63,-3.84,,9310000.0,218.22,225.4,2019-08-22 14:56:08.541752
222.66,1.83,0.0083,222.8,179130000.0,1.3,439.63,-3.84,,9310000.0,218.22,225.4,2019-08-22 14:56:32.758808
222.59,1.76,0.008,222.8,179130000.0,1.3,439.63,-3.84,,9310000.0,218.22,225.4,2019-08-22 14:56:54.187589
222.51,1.68,0.0076,222.8,179130000.0,1.3,439.63,-3.84,,9310000.0,218.22,225.4,2019-08-22 14:57:15.702436
222.62,1.79,0.008100000000000001,222.8,179130000.0,1.3,439.63,-3.84,,9310000.0,218.22,225.4,2019-08-22 14:57:37.872020
222.54,1.71,0.0077,222.8,179130000.0,1.3,439.63,-3.84,,9310000.0,218.22,225.4,2019-08-22 14:58:00.252522
222.55,1.72,0.0078,222.8,179130000.0,1.3,439.63,-3.84,,9310000.0,218.22,225.4,2019-08-22 14:58:22.568578
222.49,1.66,0.0075,222.8,179130000.0,1.3,439.63,-3.84,,9310000.0,218.22,225.4,2019-08-22 14:58:44.938648
222.15,0.0,0.0,222.8,179130000.0,1.3,439.63,-3.84,,9310000.0,218.22,225.4,2019-08-22 15:00:19.688681
222.04,-0.11,-0.0005,222.8,179130000.0,1.3,439.63,-3.84,,9310000.0,218.22,225.4,2019-08-22 15:00:25.109886
222.04,-0.11,-0.0005,222.8,179130000.0,1.3,439.63,-3.84,n/a,9310000.0,218.22,225.4,2019-08-22 15:00:47.586146
